{"cameraMode":{"drawMode":0,"name":"Shaded","section":"Shading Mode"},"sceneLighting":true,"audioPlay":false,"sceneViewState":{"m_AlwaysRefresh":false,"showFog":true,"showSkybox":true,"showFlares":true,"showImageEffects":true,"showParticleSystems":true,"showVisualEffectGraphs":true,"m_FxEnabled":true},"in2DMode":false,"pivot":{"x":-7.991573333740234,"y":0.018667737022042276,"z":7.797786712646484},"rotation":{"x":0.0465422160923481,"y":-0.6966285109519959,"z":0.04591754078865051,"w":0.7147762775421143},"size":1.2097113132476807,"orthographic":true}