{"cameraMode":{"drawMode":0,"name":"Shaded","section":"Shading Mode"},"sceneLighting":true,"audioPlay":false,"sceneViewState":{"m_AlwaysRefresh":false,"showFog":true,"showSkybox":true,"showFlares":true,"showImageEffects":true,"showParticleSystems":true,"showVisualEffectGraphs":true,"m_FxEnabled":true},"in2DMode":false,"pivot":{"x":-0.07718664407730103,"y":0.2544434070587158,"z":-0.00498652458190918},"rotation":{"x":-0.1578390747308731,"y":0.18698543310165406,"z":-0.030390143394470216,"w":-0.9693065881729126},"size":1.3185232877731324,"orthographic":false}