{"cameraMode":{"drawMode":0,"name":"Shaded","section":"Shading Mode"},"sceneLighting":true,"audioPlay":false,"sceneViewState":{"m_AlwaysRefresh":false,"showFog":true,"showSkybox":true,"showFlares":true,"showImageEffects":true,"showParticleSystems":true,"showVisualEffectGraphs":true,"m_FxEnabled":true},"in2DMode":false,"pivot":{"x":-0.17494557797908784,"y":-0.27082544565200808,"z":0.4278498888015747},"rotation":{"x":0.25304219126701357,"y":-0.3327611982822418,"z":0.09310755878686905,"w":0.9036804437637329},"size":0.5441573858261108,"orthographic":true}