{"cameraMode":{"drawMode":0,"name":"Shaded","section":"Shading Mode"},"sceneLighting":true,"audioPlay":false,"sceneViewState":{"m_AlwaysRefresh":false,"showFog":true,"showSkybox":true,"showFlares":true,"showImageEffects":true,"showParticleSystems":true,"showVisualEffectGraphs":true,"m_FxEnabled":true},"in2DMode":false,"pivot":{"x":0.9325408935546875,"y":-0.21926027536392213,"z":2.159731149673462},"rotation":{"x":0.11641725897789002,"y":0.07262559235095978,"z":-0.008697273209691048,"w":0.9906008243560791},"size":2.863708019256592,"orthographic":true}