{"cameraMode":{"drawMode":0,"name":"Shaded","section":"Shading Mode"},"sceneLighting":false,"audioPlay":false,"sceneViewState":{"m_AlwaysRefresh":false,"showFog":true,"showSkybox":false,"showFlares":false,"showImageEffects":true,"showParticleSystems":true,"showVisualEffectGraphs":true,"m_FxEnabled":true},"in2DMode":false,"pivot":{"x":-0.04868268966674805,"y":-0.07202374935150147,"z":-0.13820575177669526},"rotation":{"x":-0.2599206566810608,"y":-0.32524147629737856,"z":-0.09143059700727463,"w":0.9051131010055542},"size":1.2006416320800782,"orthographic":true}